filename,topic,date,title,description,concerns,
130833-00025,documents,,,,,
130833-00026,documents,,,,,
130833-00027,documents,,,,,
130833-00028,documents,,,,,
130833-00029,documents,,,,,
130833-00030,documents,,,,,
130833-00031,documents,,,,,
130833-00032,documents,,,,,
130833-00033,documents,,,,,
130833-00034,documents,,,,,
130833-00035,documents,,,,,
130833-00036,documents,,,,,
130833-00037,documents,,,,,
130833-00038,documents,,,,,
130833-00018,documents,,,,,
130833-00019,documents,,,,,
130833-00020,documents,,,,,
130833-00021,documents,,,,,
130833-00022,documents,,,,,
130833-00023,documents,,,,,
